{
  "generated_at_utc": "2026-04-08T00:57:55.866978+00:00",
  "state": "CO",
  "inputs": [
    "public\\geojson\\CO-precincts-with-results-cvap.geojson"
  ],
  "counts": {
    "features_in_input": 3162,
    "kept": 3162,
    "dropped": 0
  },
  "ranges": {
    "dem_share": {
      "min": 0.0,
      "max": 0.9313131313131313
    },
    "rep_share": {
      "min": 0.06868686868686869,
      "max": 1.0
    },
    "white_pct": {
      "min": 0.01886561594123941,
      "max": 1.0
    },
    "latino_pct": {
      "min": 0.0,
      "max": 0.9795886436830196
    }
  },
  "groups": [
    "white_pct",
    "latino_pct"
  ]
}
