{
  "AZ": {
    "groups": {
      "white_pct": {
        "label": "White",
        "districtOrder": [
          "AZ-03",
          "AZ-07",
          "AZ-02",
          "AZ-04",
          "AZ-09",
          "AZ-06",
          "AZ-08",
          "AZ-05",
          "AZ-01"
        ],
        "enacted": {
          "AZ-03": 0.2935188612432096,
          "AZ-07": 0.3726544998886299,
          "AZ-02": 0.6161522139349389,
          "AZ-04": 0.6441281017746425,
          "AZ-09": 0.6450206256763502,
          "AZ-06": 0.6881538221410988,
          "AZ-08": 0.7178066764298208,
          "AZ-05": 0.7233539546817455,
          "AZ-01": 0.7681600338162644
        }
      },
      "latino_pct": {
        "label": "Latino",
        "districtOrder": [
          "AZ-01",
          "AZ-02",
          "AZ-05",
          "AZ-08",
          "AZ-04",
          "AZ-06",
          "AZ-09",
          "AZ-03",
          "AZ-07"
        ],
        "enacted": {
          "AZ-01": 0.12773580386478764,
          "AZ-02": 0.14125492577620608,
          "AZ-05": 0.15321339609635878,
          "AZ-08": 0.1692579173040313,
          "AZ-04": 0.20684284324728622,
          "AZ-06": 0.21179159413835458,
          "AZ-09": 0.24709673601789428,
          "AZ-03": 0.5094657122604954,
          "AZ-07": 0.5173549062645643
        }
      }
    }
  },
  "CO": {
    "groups": {
      "white_pct": {
        "label": "White",
        "districtOrder": [
          "CO-08",
          "CO-01",
          "CO-06",
          "CO-05",
          "CO-03",
          "CO-04",
          "CO-07",
          "CO-02"
        ],
        "enacted": {
          "CO-08": 0.6199556038727089,
          "CO-01": 0.6439755983599935,
          "CO-06": 0.6644652359516947,
          "CO-05": 0.7224264507230462,
          "CO-03": 0.7398473279399852,
          "CO-04": 0.8081409002973631,
          "CO-07": 0.8087314299080971,
          "CO-02": 0.8335305832222276
        }
      },
      "latino_pct": {
        "label": "Latino",
        "districtOrder": [
          "CO-02",
          "CO-04",
          "CO-07",
          "CO-05",
          "CO-06",
          "CO-01",
          "CO-03",
          "CO-08"
        ],
        "enacted": {
          "CO-02": 0.10542324960719592,
          "CO-04": 0.11793163273601023,
          "CO-07": 0.12630095146753045,
          "CO-05": 0.14918651679443046,
          "CO-06": 0.1539692611499114,
          "CO-01": 0.20196445824300152,
          "CO-03": 0.21051960442528436,
          "CO-08": 0.30621869483140257
        }
      }
    }
  }
}
